number,file,title,rows,columns,cells,megabytes,one_row_is,source
1,01-magic-gamma-telescope.csv,MAGIC Gamma Telescope,19020,10,190200,1.4,one simulated particle shower recorded by a gamma-ray telescope: ten measurements of its image,https://doi.org/10.24432/C52C8B
2,02-pulsar-candidates.csv,HTRU2 Pulsar Candidates,17898,8,143184,1.7,one pulsar candidate from a radio survey of the sky: eight statistics of its signal,https://doi.org/10.24432/C5DK6R
3,03-appliances-energy.csv,Appliances Energy Prediction,19735,28,552580,4.0,"one ten-minute reading in a house: energy used by appliances and lights, temperature and humidity in each room, and the weather outside",https://doi.org/10.24432/C5VC8G
4,04-superconductivity.csv,Superconductivity Data,10632,82,871824,12.0,"one superconducting material: 81 features computed from its chemical formula, and its critical temperature",https://doi.org/10.24432/C53P47
5,05-gas-turbine-emissions.csv,Gas Turbine CO and NOx Emission Data Set,36733,11,404063,2.8,"one hour of sensor measurements at a gas turbine, with its carbon monoxide and nitrogen oxide emissions",https://doi.org/10.24432/C5WC95
6,06-bike-sharing-hourly.csv,Bike Sharing,17379,15,260685,0.9,"one hour of a bike-sharing system in 2011 and 2012: calendar codes, weather, and the number of bikes rented",https://doi.org/10.24432/C5W894
7,07-beijing-pm25.csv,Beijing PM2.5,41757,11,459327,1.8,"one hour in Beijing, 2010 to 2014: the PM2.5 concentration of the air, the weather, and the date and hour as numbers",https://doi.org/10.24432/C5JS49
8,08-household-power.csv,Individual Household Electric Power Consumption,136619,7,956333,4.7,"one minute of electricity measurements in one household, 2006 to 2010",https://doi.org/10.24432/C58K54
9,09-online-news-popularity.csv,Online News Popularity,19822,60,1189320,9.8,"one article published on a news website: 58 features of its text and timing, and the number of times it was shared",https://doi.org/10.24432/C5NS3V
10,10-electrical-grid-stability.csv,Electrical Grid Stability Simulated Data,10000,13,130000,2.3,"one simulated state of a small electrical grid with four nodes: reaction times, power, price coefficients, and a stability measure",https://doi.org/10.24432/C5PG66
11,11-letter-recognition.csv,Letter Recognition,20000,16,320000,0.7,"one image of a capital letter: sixteen whole-number features of the image, each from 0 to 15",https://doi.org/10.24432/C5ZP40
12,12-pen-digits.csv,Pen-Based Recognition of Handwritten Digits,10992,16,175872,0.5,one digit written with a pen on a tablet: sixteen whole numbers from 0 to 100 that record the path of the pen,https://doi.org/10.24432/C5MG6K
13,13-eeg-eye-state.csv,EEG Eye State,14980,14,209720,1.7,one reading of fourteen EEG electrodes on a person's head,https://doi.org/10.24432/C57G7J
14,14-dry-bean.csv,Dry Bean,13611,16,217776,2.4,one grain of dry bean photographed by a camera: sixteen measurements of its size and shape,https://doi.org/10.24432/C50S4B
15,15-skin-segmentation.csv,Skin Segmentation,245057,3,735171,2.7,"one pixel sampled from a photograph: its blue, green and red values",https://doi.org/10.24432/C5T30C
16,16-landsat-satellite.csv,Statlog (Landsat Satellite),6435,36,231660,0.8,"one 3 by 3 block of pixels in a satellite image: 36 brightness values, four spectral bands for each pixel",https://doi.org/10.24432/C55887
17,17-spambase.csv,Spambase,4601,57,262257,1.1,"one email: how often 48 words and 6 characters occur in it, and three measurements of its runs of capital letters",https://doi.org/10.24432/C53G6X
18,18-musk-molecules.csv,Musk (Version 2),6598,166,1095268,4.4,one shape that a molecule can take: 166 whole-number features that describe the shape,https://doi.org/10.24432/C51608
19,19-credit-card-clients.csv,Default of Credit Card Clients,30000,23,690000,2.6,"one credit card client: credit limit, age and three coded attributes, then six months of payment status, bill amounts and payments",https://doi.org/10.24432/C55S3H
20,20-metro-traffic.csv,Metro Interstate Traffic Volume,48204,5,241020,1.1,"one hour on an interstate highway, 2012 to 2018: temperature, rain, snow, cloud cover, and the number of vehicles",https://doi.org/10.24432/C5X60B
21,21-tetouan-power.csv,Power Consumption of Tetouan City,52416,8,419328,3.4,"one ten-minute reading in a city: temperature, humidity, wind speed, two solar measurements, and the power drawn by three distribution networks",https://doi.org/10.24432/C5B034
22,22-steel-industry-energy.csv,Steel Industry Energy Consumption,35040,7,245280,1.3,"one fifteen-minute reading at a steel plant: energy used, reactive power, carbon dioxide, power factors, and seconds since midnight",https://doi.org/10.24432/C52G8C
23,23-room-occupancy.csv,Room Occupancy Estimation,10129,17,172193,0.7,"one reading of the sensors in a room: temperature, light, sound, carbon dioxide and motion, and the number of people in the room",https://doi.org/10.24432/C5P605
24,24-forest-covertype.csv,Covertype,96836,10,968360,3.8,"one 30-metre square of forest: elevation, slope, direction of the slope, distances to water, roads and fire points, and shade at three times of day",https://doi.org/10.24432/C50K5N
25,25-company-financial-ratios.csv,Taiwanese Bankruptcy Prediction,6819,94,640986,11.3,one company: 94 financial ratios from its accounts,https://doi.org/10.24432/C5004D
26,26-protein-structure.csv,Physicochemical Properties of Protein Tertiary Structure,45730,10,457300,3.5,"one computed model of a protein's three-dimensional structure: nine physical and chemical properties, and its distance from the true structure",https://doi.org/10.24432/C5QW3H
27,27-gpu-kernel-performance.csv,SGEMM GPU Kernel Performance,48320,18,869760,2.9,one setting of a GPU program that multiplies two 2048 by 2048 matrices: fourteen parameters and four measured running times in milliseconds,https://doi.org/10.24432/C5MK70
28,28-fan-accelerometer.csv,Accelerometer,153000,5,765000,3.7,"one reading of an accelerometer attached to a cooler fan: the weight configuration, the fan speed in percent, and the acceleration along x, y and z",https://doi.org/10.24432/C5Q61V
29,29-beijing-air-quality.csv,Beijing Multi-Site Air Quality,31876,15,478140,2.2,"one hour at one air-monitoring station in Beijing, 2013 to 2017: six pollutants, the weather, and the date and hour as numbers",https://doi.org/10.24432/C5RK5G
30,30-land-cover-ndvi.csv,Crowdsourced Mapping,10545,28,295260,2.3,"one area of a satellite image: its vegetation index (NDVI) on 27 dates in 2014 and 2015, and the largest of those values",https://doi.org/10.24432/C56315
